<?xml version="1.0" encoding="utf-8"?>
<extension version="3.8" type="plugin" group="extension" method="upgrade">
	<name>plg_extension_jce</name>
	<version>2.8.9</version>
  <creationDate>29-02-2020</creationDate>
  <author>Ryan Demmer</author>
  <authorEmail>info@joomlacontenteditor.net</authorEmail>
  <authorUrl>http://www.joomlacontenteditor.net</authorUrl>
  <copyright>Copyright (C) 2006 - 2020 Ryan Demmer. All rights reserved</copyright>
  <license>GNU/GPL Version 2 or later - http://www.gnu.org/licenses/gpl-2.0.html</license>
	<description>PLG_EXTENSION_JCE_XML_DESCRIPTION</description>
	<files folder="plugins/extension/jce">
		<filename plugin="jce">jce.php</filename>
	</files>
	<languages folder="administrator/language/en-GB">
      <language tag="en-GB">en-GB.plg_extension_jce.ini</language>
      <language tag="en-GB">en-GB.plg_extension_jce.sys.ini</language>
  </languages>
</extension>
